City_ID,City,Lat,Lng,Max Temp,Humidity,Cloudiness,Wind Speed,Country,Date
0,paciran,-6.8767,112.3761,24.52000000000004,84,100,1.7,ID,1680390868
1,thompson,55.7435,-97.8558,-8.669999999999959,81,100,3.46,CA,1680390559
2,fortuna,40.5982,-124.1573,10.920000000000016,79,100,2.24,US,1680390868
3,atar,20.5169,-13.0499,29.49000000000001,7,0,3.52,MR,1680390869
4,ribeira grande,38.5167,-28.7,17.650000000000034,95,81,8.94,PT,1680390849
5,takoradi,4.8845,-1.7554,26.930000000000007,84,20,2.81,GH,1680390869
6,sinnamary,5.3833,-52.95,24.960000000000036,82,89,4.86,GF,1680390838
7,guasdualito,7.2424,-70.7324,24.450000000000045,82,99,1.84,VE,1680390869
8,rikitea,-23.1203,-134.9692,26.960000000000036,80,27,7.25,PF,1680390811
9,alofi,-19.0595,-169.9187,26.810000000000002,77,83,8.14,NU,1680390828
10,avarua,-21.2078,-159.775,29.03000000000003,74,75,3.6,CK,1680390822
11,westport,41.1415,-73.3579,18.420000000000016,77,0,8.23,US,1680390587
12,kapaa,22.0752,-159.319,23.180000000000007,86,100,3.6,US,1680390818
13,bluff,-46.6,168.3333,13.220000000000027,67,100,6.97,NZ,1680390812
14,yasothon,15.75,104.1333,28.910000000000025,66,27,3.14,TH,1680390870
15,port hardy,50.6996,-127.4199,6.650000000000034,59,91,2.96,CA,1680390662
16,ushuaia,-54.8,-68.3,7.810000000000002,71,40,7.72,AR,1680390814
17,qaanaaq,77.484,-69.3632,-24.93999999999997,68,5,2.64,GL,1680390827
18,cape town,-33.9258,18.4232,19.100000000000023,78,0,4.02,ZA,1680390739
19,punta arenas,-53.15,-70.9167,9.060000000000002,66,75,7.72,CL,1680390817
20,atuona,-9.8,-139.0333,27.090000000000032,75,21,6.77,PF,1680390806
21,yar-sale,66.8333,70.8333,0.6500000000000341,99,100,8.23,RU,1680390870
22,keratea,37.8073,23.9769,17.840000000000032,55,20,4.12,GR,1680390872
23,vaini,-21.2,-175.2,30.090000000000032,74,40,5.66,TO,1680390812
24,garden city,42.3256,-83.331,5.080000000000041,81,100,7.72,US,1680390872
25,meiningen,50.5679,10.4152,8.79000000000002,97,100,0.99,DE,1680390873
26,hithadhoo,-0.6,73.0833,27.660000000000025,71,93,2.62,MV,1680390855
27,mount gambier,-37.8333,140.7667,12.340000000000032,68,42,1.02,AU,1680390869
28,puerto ayora,-0.7393,-90.3518,28.08000000000004,90,93,2.24,EC,1680390819
29,mar del plata,-38.0023,-57.5575,17.83000000000004,76,0,3.6,AR,1680390808
30,okha,53.5739,142.9478,1.25,85,31,4.08,RU,1680390816
31,jamestown,42.097,-79.2353,3.07000000000005,93,100,9.26,US,1680390807
32,east london,-33.0153,27.9116,20.200000000000045,85,50,4.47,ZA,1680390826
33,paramirim,-13.4425,-42.2389,25.30000000000001,39,10,2.12,BR,1680390874
34,cabo san lucas,22.8909,-109.9124,30.170000000000016,28,100,6.17,MX,1680390753
35,butaritari,3.0707,172.7902,27.5,76,100,5.77,KI,1680390807
36,iqaluit,63.7506,-68.5145,-19.089999999999975,100,72,1.01,CA,1680390851
37,codrington,-38.2667,141.9667,13.860000000000014,65,60,0.57,AU,1680390854
38,sri aman,1.2376,111.4621,22.939999999999998,93,100,0.57,MY,1680390875
39,malanje,-9.5402,16.341,16.879999999999995,92,90,2.36,AO,1680390875
40,arraial do cabo,-22.9661,-42.0278,24.590000000000032,88,1,4.99,BR,1680390825
41,surgut,61.25,73.4167,1.1000000000000227,59,0,8.05,RU,1680390768
42,san juan,-31.5375,-68.5364,22.78000000000003,35,73,3.66,AR,1680390876
43,zhangye,38.9342,100.4517,2.240000000000009,33,100,3.32,CN,1680390876
44,roald,62.5833,6.1333,3.2000000000000455,74,42,2.57,NO,1680390876
45,hobyo,5.3505,48.5268,28.340000000000032,76,80,5.49,SO,1680390876
46,bredasdorp,-34.5322,20.0403,15.910000000000025,95,0,1.97,ZA,1680390810
47,suifenhe,44.4,131.1667,7.730000000000018,53,44,1.45,CN,1680390877
48,ekhabi,53.5102,142.9671,1.660000000000025,84,30,4.4,RU,1680390877
49,lorengau,-2.0226,147.2712,28.49000000000001,73,89,2.17,PG,1680390815
50,faya,18.3851,42.4509,14.29000000000002,85,73,2.83,SA,1680390840
51,chicama,-7.8447,-79.1469,27.30000000000001,71,99,2.57,PE,1680390877
52,labrea,-7.2586,-64.7981,23.850000000000023,96,77,0.91,BR,1680390877
53,bathsheba,13.2167,-59.5167,26.340000000000032,73,40,9.77,BB,1680390822
54,russell,32.3502,-85.1999,27.600000000000023,39,94,4.66,US,1680390878
55,albany,42.6001,-73.9662,14.210000000000036,77,15,0.45,US,1680390716
56,catabola,-12.15,17.2833,16.54000000000002,95,100,1.26,AO,1680390878
57,mataura,-46.1927,168.8643,13.04000000000002,98,100,1.84,NZ,1680390817
58,hobart,-42.8794,147.3294,14.920000000000016,72,75,4.63,AU,1680390816
59,cockburn town,21.4612,-71.1419,24.980000000000018,69,40,4.63,TC,1680390880
60,faxinal,-24.0003,-51.3194,18.970000000000027,94,44,0.88,BR,1680390881
61,luderitz,-26.6481,15.1594,16.150000000000034,90,16,3.08,,1680390840
62,high prairie,55.4334,-116.4858,5.07000000000005,71,79,1.44,CA,1680390881
63,la tuque,47.4334,-72.7824,0.57000000000005,96,100,3.46,CA,1680390881
64,hilo,19.7297,-155.09,29.600000000000023,74,40,4.12,US,1680390723
65,anadyr,64.75,177.4833,-14.71999999999997,84,0,10.0,RU,1680390882
66,kodiak,57.79,-152.4072,4.730000000000018,36,0,9.26,US,1680390821
67,kidal,18.4411,1.4078,25.970000000000027,8,8,6.29,ML,1680390882
68,ahipara,-35.1667,173.1667,20.05000000000001,79,100,1.01,NZ,1680390850
69,te anau,-45.4167,167.7167,10.29000000000002,92,91,0.78,NZ,1680390882
70,gat,31.61,34.7642,13.0,100,0,1.26,IL,1680390883
71,zhigansk,66.7697,123.3711,-21.71999999999997,98,96,7.59,RU,1680390883
72,sept-iles,50.2001,-66.3821,-1.6399999999999864,95,100,7.72,CA,1680390624
73,hambantota,6.1241,81.1185,25.150000000000034,85,41,1.25,LK,1680390850
74,georgetown,5.4112,100.3354,27.960000000000036,78,20,2.06,MY,1680390619
75,lebu,-37.6167,-73.65,14.32000000000005,94,99,4.14,CL,1680390841
76,busselton,-33.65,115.3333,14.050000000000011,91,2,3.49,AU,1680390824
77,acari,-15.4311,-74.6158,24.629999999999995,87,85,2.61,PE,1680390884
78,bethel,41.3712,-73.414,19.05000000000001,60,0,4.12,US,1680390814
79,longyearbyen,78.2186,15.6401,-12.089999999999975,72,75,3.6,SJ,1680390806
80,dikson,73.5069,80.5464,-16.41999999999996,100,100,1.41,RU,1680390828
81,chuy,-33.6971,-53.4616,15.730000000000018,73,13,2.87,UY,1680390814
82,constitucion,-35.3333,-72.4167,16.430000000000007,76,67,6.35,CL,1680390832
83,pailon,-17.65,-62.75,26.82000000000005,78,11,1.3,BO,1680390885
84,broome,42.2506,-75.833,12.060000000000002,69,75,4.47,US,1680390880
85,koumac,-20.5667,164.2833,27.939999999999998,67,6,1.83,NC,1680390885
86,san quintin,30.4833,-115.95,15.450000000000045,72,0,8.58,MX,1680390838
87,vestmannaeyjar,63.4427,-20.2734,5.75,60,100,9.51,IS,1680390831
88,rockland,41.1668,-74.0496,19.140000000000043,71,27,5.38,US,1680390886
89,norman wells,65.282,-126.8329,-7.899999999999977,79,100,1.55,CA,1680390853
90,havre-saint-pierre,50.2334,-63.5986,-0.7999999999999545,93,100,6.17,CA,1680390886
91,caravelas,-17.7125,-39.2481,26.04000000000002,77,1,4.03,BR,1680390637
92,pisco,-13.7,-76.2167,25.03000000000003,78,0,9.26,PE,1680390851
93,shahr-e babak,30.1165,55.1186,10.580000000000041,36,0,1.63,IR,1680390887
94,xam nua,20.4197,104.0439,17.850000000000023,73,4,1.46,LA,1680390887
95,luang prabang,19.8856,102.1347,21.710000000000036,50,0,0.47,LA,1680390887
96,bilma,18.6853,12.9164,23.610000000000014,6,85,3.3,NE,1680390887
97,coruripe,-10.1256,-36.1756,25.5,79,100,3.31,BR,1680390888
98,yellowknife,62.456,-114.3525,-11.70999999999998,79,100,6.17,CA,1680390535
99,flinders,-34.5833,150.8552,16.700000000000045,90,97,3.14,AU,1680390858
100,kruisfontein,-34.0033,24.7314,14.700000000000045,76,0,1.92,ZA,1680390823
101,tuktoyaktuk,69.4541,-133.0374,-18.819999999999965,88,13,4.27,CA,1680390849
102,rjukan,59.8789,8.5941,-6.269999999999982,81,12,2.4,NO,1680390888
103,san francisco,37.7749,-122.4194,18.620000000000005,64,20,7.2,US,1680390852
104,kieta,-6.2167,155.6333,28.77000000000004,70,86,1.55,PG,1680390816
105,chokurdakh,70.6333,147.9167,-28.24999999999997,98,99,3.46,RU,1680390843
106,zonguldak,41.25,31.8333,9.439999999999998,76,71,2.33,TR,1680390889
107,necochea,-38.5473,-58.7368,14.990000000000009,52,62,4.32,AR,1680390889
108,paka,4.6374,103.4368,24.100000000000023,92,100,1.86,MY,1680390890
109,north battleford,52.7834,-108.2847,-3.109999999999957,93,75,4.63,CA,1680390890
110,grindavik,63.8424,-22.4338,4.260000000000048,70,75,12.86,IS,1680390828
111,narasannapeta,18.4167,84.05,26.03000000000003,87,50,3.0,IN,1680390890
112,qom,34.6401,50.8764,9.050000000000011,37,0,2.33,IR,1680390890
113,esna,25.2934,32.554,18.08000000000004,26,0,4.14,EG,1680390891
114,koutsouras,35.0339,25.9469,16.730000000000018,82,53,4.68,GR,1680390891
115,nome,64.5011,-165.4064,-0.46999999999997044,93,100,8.23,US,1680390830
116,khatanga,71.9667,102.5,-6.769999999999982,92,100,9.07,RU,1680390832
117,damnagar,21.7,71.5167,24.53000000000003,60,1,4.9,IN,1680390892
118,nyahururu,0.0421,36.3673,12.510000000000048,81,84,0.6,KE,1680390892
119,lagoa,39.05,-27.9833,15.830000000000041,92,84,11.47,PT,1680390862
120,boyuibe,-20.4167,-63.2833,22.54000000000002,75,65,0.98,BO,1680390670
121,bambous virieux,-20.3428,57.7575,24.560000000000002,80,13,3.01,MU,1680390810
122,almaznyy,48.0448,40.045,3.390000000000043,76,3,2.27,RU,1680390893
123,saint-philippe,-21.3585,55.7679,23.77000000000004,83,45,5.09,RE,1680390836
124,carnarvon,-24.8667,113.6333,23.640000000000043,78,56,5.44,AU,1680390835
125,nsanje,-16.92,35.262,20.77000000000004,97,100,0.56,MW,1680390743
126,comodoro rivadavia,-45.8667,-67.5,18.920000000000016,24,0,7.2,AR,1680390893
127,provideniya,64.3833,-173.3,-7.769999999999982,87,98,4.03,RU,1680390808
128,menongue,-14.6585,17.691,17.870000000000005,91,95,1.15,AO,1680390894
129,ponta do sol,32.6667,-17.1,18.400000000000034,53,0,2.64,PT,1680390742
130,port alfred,-33.5906,26.891,19.54000000000002,89,41,0.45,ZA,1680390817
131,oskarshamn,57.2645,16.4484,-0.009999999999990905,79,5,6.53,SE,1680390894
132,pangnirtung,66.1451,-65.7125,-18.149999999999977,83,73,3.44,CA,1680390672
133,new norfolk,-42.7826,147.0587,14.720000000000027,73,100,0.45,AU,1680390816
134,cap malheureux,-19.9842,57.6142,24.700000000000045,79,4,0.89,MU,1680390895
135,moose factory,51.2585,-80.6094,-13.139999999999986,85,59,2.84,CA,1680390818
136,esperance,-33.8667,121.9,17.950000000000045,85,100,5.38,AU,1680390832
137,hermanus,-34.4187,19.2345,16.560000000000002,88,1,3.92,ZA,1680390823
138,pevek,69.7008,170.3133,-23.649999999999977,92,100,4.08,RU,1680390845
139,dingle,10.9995,122.6711,25.350000000000023,85,100,2.15,PH,1680390811
140,bouza,14.4229,6.0428,24.930000000000007,11,100,3.88,NE,1680390896
141,baykit,61.67,96.37,-23.399999999999977,100,91,0.91,RU,1680390896
142,ushtobe,45.2514,77.9838,-5.029999999999973,39,0,9.31,KZ,1680390896
143,iquitos,-3.7481,-73.2472,25.02000000000004,88,40,0.51,PE,1680390896
144,saskylakh,71.9167,114.0833,-7.989999999999952,88,100,7.19,RU,1680390853
145,hasaki,35.7333,140.8333,14.560000000000002,58,61,6.41,JP,1680390867
146,nivala,63.9167,24.9667,-10.149999999999977,96,47,2.09,FI,1680390897
147,dongsheng,39.8161,109.9776,9.330000000000041,81,100,9.36,CN,1680390897
148,bela,25.9333,81.9833,21.189999999999998,62,7,0.97,IN,1680390898
149,san lorenzo,-25.3333,-57.5333,26.52000000000004,74,0,3.09,PY,1680390898
150,bambanglipuro,-7.95,110.2833,23.83000000000004,87,100,1.87,ID,1680390898
151,tagusao,9.1924,117.8141,25.900000000000034,81,100,1.31,PH,1680390899
152,eslov,55.8393,13.3039,2.0100000000000477,73,0,4.72,SE,1680390899
153,sur,22.5667,59.5289,26.03000000000003,61,4,4.31,OM,1680390899
154,junction city,39.0286,-96.8314,16.980000000000018,24,0,4.12,US,1680390695
155,harer,9.3094,42.1258,16.25,84,98,0.25,ET,1680390900
156,elat,29.5581,34.9482,16.910000000000025,48,0,5.14,IL,1680390811
157,kaitangata,-46.2817,169.8464,12.180000000000007,89,87,4.79,NZ,1680390861
158,staraya mayna,54.6,48.95,2.0600000000000023,77,100,2.81,RU,1680390902
159,nanakuli,21.3906,-158.1547,26.970000000000027,62,0,3.09,US,1680390820
160,tiksi,71.6872,128.8694,-15.989999999999952,80,97,11.84,RU,1680390817
161,luau,-10.7073,22.2247,17.810000000000002,98,96,1.08,AO,1680390903
162,saldanha,-33.0117,17.9442,16.480000000000018,90,0,4.37,ZA,1680390842
163,bulgan,48.8125,103.5347,-14.039999999999964,71,100,5.13,MN,1680390905
164,sao filipe,14.8961,-24.4956,26.629999999999995,50,0,1.8,CV,1680390861
165,geilo,60.5333,8.2076,-10.339999999999975,61,13,3.0,NO,1680390906
166,saint george,37.1041,-113.5841,20.24000000000001,25,0,2.57,US,1680390718
167,lutry,46.5024,6.6865,8.82000000000005,89,100,1.97,CH,1680390907
168,lubango,-14.9172,13.4925,14.720000000000027,98,94,0.68,AO,1680390907
169,souillac,-20.5167,57.5167,24.620000000000005,83,5,2.95,MU,1680390894
170,aklavik,68.2191,-135.0107,-12.699999999999989,82,94,1.83,CA,1680390846
171,fairbanks,64.8378,-147.7164,-1.329999999999984,51,40,5.14,US,1680390831
172,devrek,41.2192,31.9558,11.450000000000045,79,73,2.65,TR,1680390908
173,port alberni,49.2413,-124.8028,9.510000000000048,86,78,2.68,CA,1680390752
174,temiscaming,46.7212,-79.0971,-6.019999999999982,85,100,7.61,CA,1680390908
175,los llanos de aridane,28.6585,-17.9182,16.860000000000014,88,0,6.69,ES,1680390908
176,ranong,9.9658,98.6348,24.53000000000003,88,26,1.49,TH,1680390908
177,qeshm,26.9581,56.2719,22.939999999999998,72,18,12.0,IR,1680390909
178,zyryanovsk,49.7386,84.2719,-14.95999999999998,89,3,0.97,KZ,1680390909
179,anloga,5.7947,0.8973,27.900000000000034,80,95,5.43,GH,1680390909
180,kisangani,0.5167,25.2,21.03000000000003,91,95,1.48,CD,1680390909
181,tasiilaq,65.6145,-37.6368,-1.9099999999999682,85,100,1.07,GL,1680390835
182,isangel,-19.55,169.2667,29.230000000000018,68,5,1.86,VU,1680390910
183,astara,38.5,48.6667,4.990000000000009,86,99,1.62,AZ,1680390910
184,nurota,40.5614,65.6886,18.200000000000045,45,99,5.74,UZ,1680390910
185,petropavlovsk-kamchatskiy,53.0452,158.6483,1.330000000000041,64,0,2.0,RU,1680390863
186,miles city,46.4083,-105.8406,14.54000000000002,26,0,6.17,US,1680390911
187,providencia,28.7167,-111.5833,29.0,27,3,6.36,MX,1680390911
188,rock springs,41.5875,-109.2029,8.689999999999998,34,20,7.72,US,1680390911
189,inhambane,-23.865,35.3833,22.689999999999998,88,3,2.69,MZ,1680390884
190,yenagoa,4.9247,6.2642,24.83000000000004,90,94,1.83,NG,1680390912
191,kavieng,-2.5744,150.7967,27.620000000000005,78,100,2.43,PG,1680390819
192,biak,-0.9131,122.8766,25.24000000000001,75,100,0.4,ID,1680390912
193,zlobin,45.2924,14.6541,6.610000000000014,78,20,1.54,HR,1680390912
194,nishihara,26.1842,127.7558,21.810000000000002,88,75,11.83,JP,1680390913
195,basco,20.4487,121.9702,25.150000000000034,81,8,2.95,PH,1680390662
196,novaya zaimka,56.4857,66.9241,-1.1200000000000045,73,64,5.29,RU,1680390913
197,faanui,-16.4833,-151.75,27.99000000000001,72,0,3.3,PF,1680390829
198,fort nelson,58.8053,-122.7002,-1.6999999999999886,62,100,2.57,CA,1680390819
199,masiga,13.3607,121.8278,26.29000000000002,82,100,2.56,PH,1680390913
200,geraldton,-28.7667,114.6,16.230000000000018,94,75,1.54,AU,1680390875
201,kulhudhuffushi,6.6221,73.07,28.310000000000002,62,50,2.99,MV,1680390914
202,veraval,20.9,70.3667,23.54000000000002,79,27,4.31,IN,1680390914
203,coquimbo,-29.9533,-71.3436,16.850000000000023,88,20,5.14,CL,1680390629
204,saint-pierre,-21.3393,55.4781,24.200000000000045,83,0,2.57,RE,1680390841
205,severo-kurilsk,50.6789,156.125,0.10000000000002274,90,58,7.8,RU,1680390888
206,uyemskiy,64.4743,40.8524,-11.96999999999997,92,75,1.0,RU,1680390915
207,mersing,2.4312,103.8405,23.920000000000016,90,88,2.14,MY,1680390915
208,lysva,58.1086,57.8053,0.4000000000000341,96,100,2.18,RU,1680390915
209,nikolskoye,59.7035,30.7861,-1.0600000000000023,96,94,2.28,RU,1680390847
210,tuatapere,-46.1333,167.6833,10.910000000000025,79,100,4.85,NZ,1680390858
211,salalah,17.0151,54.0924,28.05000000000001,78,75,3.6,OM,1680390805
212,tromso,69.6496,18.957,-2.9899999999999523,80,75,1.54,NO,1680390916
213,batemans bay,-35.7167,150.1833,16.720000000000027,84,100,1.99,AU,1680390916
214,mahebourg,-20.4081,57.7,24.58000000000004,80,10,3.06,MU,1680390818
215,chaiyaphum,15.75,102.0,28.879999999999995,70,7,3.23,TH,1680390917
216,cidreira,-30.1811,-50.2056,20.930000000000007,63,95,5.64,BR,1680390859
217,lufkin,31.3382,-94.7291,25.950000000000045,31,0,1.54,US,1680390710
218,vila franca do campo,37.7167,-25.4333,18.230000000000018,92,100,7.64,PT,1680390917
219,damietta,31.4165,31.8133,14.830000000000041,67,0,2.31,EG,1680390917
220,kaupanger,61.1845,7.2404,-1.7299999999999613,63,15,1.03,NO,1680390918
221,andros town,24.7,-77.7667,25.980000000000018,73,3,4.53,BS,1680390883
222,nalut,30.3333,10.85,20.930000000000007,14,6,3.73,LY,1680390857
223,cap-aux-meules,47.3821,-61.8597,0.03000000000002956,100,100,11.32,CA,1680390918
224,port elizabeth,-33.918,25.5701,18.510000000000048,96,1,1.34,ZA,1680390827
225,katsuura,35.1333,140.3,14.840000000000032,68,100,6.51,JP,1680390919
226,sterlibashevo,53.4376,55.2578,0.12999999999999545,88,100,1.59,RU,1680390919
227,anuppur,23.1,81.6833,20.29000000000002,50,1,0.46,IN,1680390919
228,kumylzhenskaya,49.8809,42.5898,5.090000000000032,73,63,1.36,RU,1680390919
229,ouallam,14.3188,2.0866,28.939999999999998,10,83,4.57,NE,1680390920
230,corning,42.1428,-77.0547,11.020000000000039,66,40,7.72,US,1680390920
231,nanortalik,60.1432,-45.2371,-3.599999999999966,84,15,2.27,GL,1680390812
232,borogontsy,62.6683,131.1683,-18.099999999999966,89,12,4.18,RU,1680390920
233,matamoros,25.5333,-103.25,32.06,28,75,2.57,MX,1680390869
234,petrovac,44.3769,21.4192,6.810000000000002,89,81,1.72,RS,1680390921
235,torbay,47.6666,-52.7314,1.8799999999999955,67,59,1.79,CA,1680390816
236,kingman,35.1894,-114.053,21.53000000000003,18,0,6.17,US,1680390902
237,quatre cocos,-20.2078,57.7625,24.49000000000001,81,15,3.11,MU,1680390872
238,buala,-8.145,159.5921,29.100000000000023,67,95,0.43,SB,1680390815
239,cotonou,6.3654,2.4183,27.810000000000002,78,90,5.27,BJ,1680390921
240,camacha,33.0833,-16.3333,16.680000000000007,82,40,3.6,PT,1680390922
241,mount isa,-20.7333,139.5,23.870000000000005,33,95,4.63,AU,1680390895
242,alghero,40.5589,8.3181,14.050000000000011,77,75,3.6,IT,1680390922
243,mayo,38.8876,-76.5119,22.970000000000027,44,75,5.14,US,1680390922
244,korem,12.5058,39.5228,13.939999999999998,70,100,1.26,ET,1680390922
245,hervey bay,-25.2986,152.8535,21.120000000000005,83,100,2.02,AU,1680390923
246,sisimiut,66.9395,-53.6735,-14.539999999999964,71,15,5.15,GL,1680390923
247,ulaangom,49.9811,92.0667,-14.549999999999955,50,55,5.0,MN,1680390923
248,cairns,-16.9167,145.7667,30.060000000000002,76,73,1.03,AU,1680390923
249,yulara,-25.2406,130.9889,17.710000000000036,66,50,3.76,AU,1680390871
250,pacific grove,36.6177,-121.9166,19.02000000000004,66,0,5.14,US,1680390831
251,coffs harbour,-30.3,153.1333,19.52000000000004,72,100,4.63,AU,1680390924
252,bengkulu,-3.8004,102.2655,23.04000000000002,88,97,1.92,ID,1680390884
253,klamath falls,42.2249,-121.7817,7.7000000000000455,79,100,6.17,US,1680390686
254,kahului,20.8947,-156.47,31.010000000000048,40,40,8.23,US,1680390924
255,alvaraes,-3.2208,-64.8042,23.930000000000007,99,100,1.19,BR,1680390925
256,karratha,-20.7377,116.8463,26.860000000000014,75,71,2.37,AU,1680390893
257,agadez,19.75,10.25,20.470000000000027,6,1,3.52,NE,1680390926
258,celestun,20.8667,-90.4,27.200000000000045,76,18,7.78,MX,1680390661
259,tautira,-17.7333,-149.15,28.160000000000025,74,11,5.98,PF,1680390926
260,ostrovnoy,68.0531,39.5131,-7.359999999999957,93,92,5.0,RU,1680390830
261,kibala,9.1104,18.3463,30.400000000000034,27,8,0.96,TD,1680390927
262,airai,-8.9266,125.4092,17.090000000000032,91,100,0.87,TL,1680390884
263,upernavik,72.7868,-56.1549,-29.73999999999998,99,44,4.02,GL,1680390588
264,dakar,14.6937,-17.4441,26.49000000000001,71,0,1.02,SN,1680390593
265,vila velha,-20.3297,-40.2925,25.970000000000027,94,40,1.03,BR,1680390772
266,presidencia roque saenz pena,-26.7852,-60.4388,25.99000000000001,46,56,4.56,AR,1680390826
267,huanren,41.2647,125.3667,12.090000000000032,36,65,0.56,CN,1680390928
268,shache,38.4167,77.2406,13.07000000000005,28,96,0.82,CN,1680390928
269,homestead,25.4687,-80.4776,27.78000000000003,73,75,3.09,US,1680390371
270,barrow,71.2906,-156.7887,-16.989999999999952,85,100,4.12,US,1680390819
271,boa vista,2.8197,-60.6733,29.99000000000001,51,0,3.09,BR,1680390929
272,victoria,22.2855,114.1577,22.189999999999998,92,99,4.02,HK,1680390726
273,chapais,49.7834,-74.8492,-4.1200000000000045,87,100,7.26,CA,1680390839
274,san vicente,-26.6167,-54.1333,15.120000000000005,47,0,1.49,AR,1680390930
275,fort frances,48.5999,-93.4003,5.1200000000000045,17,75,2.06,CA,1680390930
276,krasnoselkup,65.7,82.4667,0.08000000000004093,98,100,10.71,RU,1680390808
277,velyka bahachka,49.7912,33.7226,6.150000000000034,86,95,5.5,UA,1680390930
278,rayong,12.8333,101.4333,27.689999999999998,78,33,2.95,TH,1680390930
279,panaba,21.2833,-88.2667,34.0,29,23,6.8,MX,1680390931
280,ketchikan,55.3422,-131.6461,6.260000000000048,61,75,5.14,US,1680390918
281,dunedin,-45.8742,170.5036,13.78000000000003,91,59,4.02,NZ,1680390913
282,aguimes,27.9054,-15.4461,18.140000000000043,72,20,9.26,ES,1680390931
283,praxedis guerrero,31.3667,-106.0167,26.700000000000045,5,7,3.7,MX,1680390932
284,ibipeba,-11.6408,-42.0111,24.55000000000001,47,38,1.8,BR,1680390932
285,cacoal,-11.4386,-61.4472,23.29000000000002,96,87,1.64,BR,1680390667
286,ust-omchug,61.15,149.6333,-6.029999999999973,92,97,3.1,RU,1680390932
287,shingu,33.7333,135.9833,16.640000000000043,76,100,5.83,JP,1680390932
288,arcata,40.8665,-124.0828,11.07000000000005,82,100,2.57,US,1680390933
289,harlingen,26.1906,-97.6961,29.05000000000001,81,20,7.2,US,1680390710
290,mantua,45.1667,10.7833,13.580000000000041,84,63,2.68,IT,1680390933
291,ambovombe,-25.1667,46.0833,22.980000000000018,89,100,5.02,MG,1680390933
292,lasa,46.6166,10.7002,5.3799999999999955,91,100,1.77,IT,1680390933
293,nador,35.174,-2.9287,21.140000000000043,46,0,7.72,MA,1680390911
294,mandera,3.9366,41.867,30.870000000000005,47,65,5.9,KE,1680390934
295,hurghada,27.2574,33.8129,18.0,42,0,6.43,EG,1680390934
296,sohag,26.557,31.6948,16.410000000000025,33,0,3.5,EG,1680390934
297,atwater,37.3477,-120.6091,19.879999999999995,46,0,3.6,US,1680390935
298,senanga,-16.1167,23.2667,18.620000000000005,91,66,2.13,ZM,1680390935
299,bay roberts,47.5999,-53.2648,1.8100000000000023,67,75,1.34,CA,1680390936
300,richards bay,-28.783,32.0377,20.470000000000027,94,41,1.73,ZA,1680390845
301,linxi,39.7,118.4333,10.340000000000032,45,5,2.88,CN,1680390936
302,grajau,-5.8194,-46.1386,23.150000000000034,90,99,1.54,BR,1680390936
303,tonantins,-2.8731,-67.8022,23.460000000000036,98,98,1.18,BR,1680390936
304,dengzhou,37.8086,120.7508,11.470000000000027,31,0,2.32,CN,1680390936
305,taoudenni,22.6783,-3.9836,28.57000000000005,7,0,4.46,ML,1680390920
306,arlit,18.7369,7.3853,22.850000000000023,6,1,5.86,NE,1680390937
307,pangody,65.85,74.4859,0.5500000000000114,98,100,8.21,RU,1680390937
308,taywarah,33.35,64.4167,5.150000000000034,69,46,1.7,AF,1680390937
309,road town,18.4167,-64.6167,26.05000000000001,69,40,4.63,VG,1680390891
310,kapiri mposhi,-13.9652,28.6809,15.360000000000014,99,100,2.03,ZM,1680390938
311,rawson,-43.3002,-65.1023,21.29000000000002,33,74,5.05,AR,1680390686
312,kut chap,17.4257,102.5669,26.450000000000045,52,14,1.21,TH,1680390938
313,asau,46.4333,26.4,7.510000000000048,95,100,1.86,RO,1680390898
314,yatsushiro,32.5,130.6,16.210000000000036,62,100,1.62,JP,1680390939
315,qaqortoq,60.7167,-46.0333,-6.489999999999952,84,41,3.79,GL,1680390897
316,castro,-24.7911,-50.0119,19.600000000000023,81,61,1.37,BR,1680390858
317,bay city,43.5945,-83.8889,2.180000000000007,76,100,7.2,US,1680390939
318,maniitsoq,65.4167,-52.9,-6.939999999999998,56,64,3.46,GL,1680390939
319,olutanga,7.3106,122.8464,26.180000000000007,82,100,2.79,PH,1680390939
320,cheney,47.4874,-117.5758,9.010000000000048,38,75,14.92,US,1680390684
321,tambacounda,13.7539,-13.7586,31.900000000000034,9,3,2.21,SN,1680390940
322,dickinson,29.4608,-95.0513,31.05000000000001,30,0,4.12,US,1680390940
323,broadstairs,51.3591,1.4394,7.330000000000041,89,100,4.92,GB,1680390940
324,lompoc,34.6391,-120.4579,21.120000000000005,66,0,11.18,US,1680390605
325,dharmavaram,14.4333,77.7167,26.900000000000034,39,66,5.28,IN,1680390941
326,uvira,-3.4067,29.1458,22.03000000000003,86,93,0.89,CD,1680390941
327,narsaq,60.9167,-46.05,-1.8799999999999955,77,57,3.9,GL,1680390915
328,gravdal,68.1214,13.5031,-5.060000000000002,80,0,3.0,NO,1680390942
329,zverinogolovskoye,54.4586,64.8542,-0.8199999999999932,71,6,4.98,RU,1680390942
330,paita,-5.0892,-81.1144,27.670000000000016,74,94,4.8,PE,1680390942
331,berdigestyakh,62.0989,126.6992,-19.96999999999997,96,44,3.23,RU,1680390849
332,terrace,54.5163,-128.6035,4.9500000000000455,70,75,3.09,CA,1680390920
333,balabac,7.9868,117.0645,26.57000000000005,80,100,1.8,PH,1680390943
334,rincon,32.296,-81.2354,25.480000000000018,65,100,6.17,US,1680390943
335,balkhash,46.844,74.9804,-3.759999999999991,43,0,10.41,KZ,1680390943
336,brae,60.3964,-1.353,4.410000000000025,74,18,4.0,GB,1680390822
337,mabaruma,8.2,-59.7833,23.77000000000004,84,63,2.04,GY,1680390944
338,cherskiy,68.75,161.3,-26.47999999999999,97,100,1.86,RU,1680390822
339,rampura,30.25,75.2333,15.770000000000039,90,2,2.67,IN,1680390944
340,zhezkazgan,47.8043,67.7144,0.040000000000020464,37,0,8.25,KZ,1680390837
341,diffa,13.3154,12.6113,25.600000000000023,11,15,4.66,NE,1680390944
342,huntley,42.1681,-88.4281,3.5300000000000296,75,100,1.79,US,1680390944
343,gaziantep,37.0594,37.3825,5.960000000000036,93,20,3.09,TR,1680390945
344,kainantu,-6.2887,145.8655,19.05000000000001,83,92,0.89,PG,1680390945
345,ust-nera,64.5667,143.2,-12.539999999999964,93,100,2.02,RU,1680390945
346,aberdeen,57.1437,-2.0981,4.25,95,20,1.03,GB,1680390650
347,san patricio,28.017,-97.5169,29.54000000000002,56,99,6.17,US,1680390806
348,leningradskiy,69.3833,178.4167,-16.859999999999957,94,100,14.25,RU,1680390848
349,nemuro,43.3236,145.575,0.8600000000000136,77,29,7.49,JP,1680390946
350,goderich,43.7501,-81.7165,1.6200000000000045,81,100,11.94,CA,1680390919
351,bowen,-20.0167,148.2333,27.74000000000001,73,99,2.32,AU,1680390833
352,killarney,52.05,-9.5167,4.240000000000009,91,10,1.69,IE,1680390946
353,laje,-10.1833,-40.9667,24.0,54,100,0.83,BR,1680390947
354,vardo,70.3705,31.1107,-3.009999999999991,86,100,12.35,NO,1680390876
355,winchester,51.0651,-1.3187,8.78000000000003,75,75,4.12,GB,1680390947
356,barra do garcas,-15.89,-52.2567,24.890000000000043,72,86,0.41,BR,1680390948
357,nesebar,42.7833,27.7333,9.640000000000043,82,66,4.72,BG,1680390949
358,husavik,66.0449,-17.3389,-0.19999999999998863,77,2,7.01,IS,1680390809
359,ancud,-41.8697,-73.8203,12.090000000000032,85,77,2.56,CL,1680390811
360,muisne,0.6,-80.0333,27.110000000000014,80,95,2.6,EC,1680390950
361,sigli,5.3848,95.9609,25.220000000000027,85,86,1.42,ID,1680390950
362,yerbogachen,61.2767,108.0108,-24.269999999999982,100,34,2.03,RU,1680390833
363,honningsvag,70.9821,25.9704,-2.1399999999999864,64,75,9.77,NO,1680390951
364,formosa,-26.1775,-58.1781,24.99000000000001,52,0,3.6,AR,1680390951
365,teya,60.3778,92.6267,-17.23999999999998,98,64,2.2,RU,1680390864
366,zabaykalsk,49.6333,117.3167,0.29000000000002046,68,86,3.63,RU,1680390951
367,kodinsk,58.6881,99.1844,-16.769999999999982,98,26,0.76,RU,1680390952
368,tilichiki,60.4667,166.1,-4.259999999999991,93,68,0.54,RU,1680390952
369,matara,5.9485,80.5353,24.470000000000027,89,72,1.26,LK,1680390952
370,gerash,27.6652,54.1371,14.420000000000016,33,42,3.02,IR,1680390953
371,salinopolis,-0.6136,-47.3561,24.810000000000002,87,97,3.02,BR,1680390864
372,lavrentiya,65.5833,-171.0,-4.2099999999999795,86,100,3.44,RU,1680390808
373,padang,-0.9492,100.3543,24.25,84,100,1.47,ID,1680390861
374,viedma,-40.8135,-62.9967,19.53000000000003,28,83,4.32,AR,1680390858
375,shelburne,44.0787,-80.2041,-1.599999999999966,94,83,9.43,CA,1680390830
376,hearst,49.6835,-83.6665,-6.889999999999986,90,100,2.77,CA,1680390954
377,balkanabat,39.5108,54.3671,7.8700000000000045,74,99,5.38,TM,1680390929
378,escarcega,18.6089,-90.7454,36.700000000000045,22,7,3.39,MX,1680390864
379,grand-santi,4.25,-54.3833,21.970000000000027,97,77,1.34,GF,1680390954
380,vaitape,-16.5167,-151.75,28.0,72,0,3.34,PF,1680390955
381,newport,51.5877,-2.9984,9.870000000000005,81,90,3.81,GB,1680390955
382,contamana,-7.3333,-75.0167,22.99000000000001,88,91,0.82,PE,1680390955
383,pleasanton,37.6624,-121.8747,18.900000000000034,53,0,2.57,US,1680390955
384,kloulklubed,7.0419,134.2556,27.28000000000003,72,75,0.85,PW,1680390924
385,redlands,34.0556,-117.1825,23.640000000000043,31,0,5.14,US,1680390955
386,adrar,20.5022,-10.0711,25.680000000000007,7,0,4.48,MR,1680390933
387,guerrero negro,27.9769,-114.0611,18.379999999999995,51,0,8.47,MX,1680390918
388,varna,43.2167,27.9167,11.830000000000041,92,100,6.17,BG,1680390956
389,hovd,48.0056,91.6419,-13.669999999999959,42,100,2.22,MN,1680390887
390,primorsk,46.7348,36.3443,6.640000000000043,78,84,5.48,UA,1680390957
391,bijie,27.3125,105.2942,15.270000000000039,64,27,4.91,CN,1680390957
392,borova,50.1763,30.1043,9.080000000000041,83,100,3.89,UA,1680390957
393,marsh harbour,26.5412,-77.0636,24.660000000000025,78,32,5.26,BS,1680390867
394,hokitika,-42.7167,170.9667,16.189999999999998,80,10,5.39,NZ,1680390958
395,ilulissat,69.2167,-51.1,-16.989999999999952,78,24,3.6,GL,1680390827
396,bon accord,53.8335,-113.4187,3.5400000000000205,97,99,2.05,CA,1680390958
397,maryborough,-25.5333,152.7,21.170000000000016,57,99,1.49,AU,1680390958
398,vershino-darasunskiy,52.35,115.5167,-7.3799999999999955,47,100,4.87,RU,1680390958
399,hami,42.8,93.45,0.7600000000000477,25,100,3.02,CN,1680390907
400,kinango,-4.1372,39.3153,24.510000000000048,89,35,1.83,KE,1680390959
401,samarai,-10.6167,150.6667,28.600000000000023,72,100,3.66,PG,1680390854
402,korla,41.7597,86.1469,4.650000000000034,23,0,1.65,CN,1680390959
403,peniche,39.3558,-9.3811,15.310000000000002,92,71,8.58,PT,1680390959
404,lardos,36.0942,28.0157,16.08000000000004,87,63,3.24,GR,1680390960
405,strezhevoy,60.7333,77.5889,-1.8700000000000045,78,100,6.93,RU,1680390960
406,eyl,7.9803,49.8164,26.930000000000007,78,44,2.22,SO,1680390934
407,namibe,-15.1961,12.1522,23.99000000000001,84,98,3.08,AO,1680390914
408,sitka,57.0531,-135.33,3.9399999999999977,81,75,4.63,US,1680390740
409,elk,53.8282,22.3647,3.0500000000000114,96,100,5.12,PL,1680390961
410,kilindoni,-7.9139,39.6668,28.07000000000005,77,84,6.02,TZ,1680390961
411,mira,45.4358,12.1348,12.78000000000003,88,100,4.63,IT,1680390961
412,meadow lake,34.8014,-106.5436,19.920000000000016,11,5,3.51,US,1680390961
413,dingli,35.8614,14.3822,16.010000000000048,63,0,6.69,MT,1680390962
414,victoria point,-27.5833,153.3,24.970000000000027,67,23,1.79,AU,1680390962
415,port lincoln,-34.7333,135.8667,15.689999999999998,62,46,5.52,AU,1680390898
416,letlhakane,-21.4167,25.5833,23.230000000000018,47,91,6.12,BW,1680390962
417,verkhoyansk,67.5447,133.385,-24.569999999999965,98,94,1.79,RU,1680390963
418,discovery bay,37.9085,-121.6002,19.58000000000004,49,0,7.6,US,1680390687
419,namatanai,-3.6667,152.4333,27.220000000000027,74,100,2.39,PG,1680390821
420,huarmey,-10.0681,-78.1522,25.620000000000005,80,100,3.54,PE,1680390963
421,saint-georges,12.0564,-61.7485,25.430000000000007,79,100,7.48,GD,1680390963
422,male,4.1748,73.5089,27.970000000000027,83,20,2.06,MV,1680390696
423,megion,61.0296,76.1136,0.010000000000047748,76,100,8.23,RU,1680390964
424,sangmelima,2.9333,11.9833,21.010000000000048,96,86,0.96,CM,1680390964
425,kirakira,-10.4544,161.9205,29.30000000000001,70,90,2.14,SB,1680390917
426,thinadhoo,0.5333,72.9333,27.450000000000045,76,97,1.91,MV,1680390964
427,lahat,-3.8,103.5333,21.33000000000004,94,99,0.74,ID,1680390965
428,visnes,59.3556,5.2242,2.900000000000034,80,20,2.06,NO,1680390965
429,evanton,57.6638,-4.34,5.330000000000041,89,97,0.51,GB,1680390965
430,turbat,26.0023,63.044,22.510000000000048,84,8,2.36,PK,1680390965
431,san jose,37.3394,-121.895,19.310000000000002,50,20,6.26,US,1680390780
432,ucluelet,48.9329,-125.5528,8.379999999999995,78,34,1.34,CA,1680390878
433,sola,-13.8833,167.55,28.27000000000004,71,68,4.08,VU,1680390966
434,rawlins,41.7911,-107.2387,5.939999999999998,42,0,18.01,US,1680390966
435,kalmunai,7.4167,81.8167,24.55000000000001,88,15,2.46,LK,1680390967
436,avera,33.194,-82.5271,26.03000000000003,43,99,7.23,US,1680390895
437,ismailia,30.6043,32.2723,14.980000000000018,58,0,2.47,EG,1680390967
438,miraflores,19.2167,-98.8083,29.460000000000036,25,48,2.15,MX,1680390914
439,wodonga,-36.1167,146.8833,16.090000000000032,100,10,1.71,AU,1680390967
440,baoning,25.3378,110.026,20.27000000000004,98,100,0.81,CN,1680390968
441,okhotsk,59.3833,143.3,-3.7899999999999636,93,100,1.15,RU,1680390968
442,donskoye,45.4552,41.9741,5.07000000000005,63,97,2.98,RU,1680390968
443,margate,51.3813,1.3862,7.390000000000043,89,100,4.92,GB,1680390864
444,kiama,-34.6833,150.8667,20.0,93,98,1.34,AU,1680390969
445,mackenzie,55.2999,-123.1698,4.1200000000000045,56,75,2.06,CA,1680390919
446,beisfjord,68.3751,17.5988,-6.96999999999997,79,50,2.73,NO,1680390969
447,ballina,-28.8667,153.5667,19.32000000000005,71,17,3.4,AU,1680390915
448,haicheng,40.8516,122.7475,12.870000000000005,29,0,1.73,CN,1680390970
449,kenai,60.5544,-151.2583,4.050000000000011,44,0,6.17,US,1680390917
450,abha,18.2164,42.5053,14.140000000000043,88,20,5.14,SA,1680390883
451,komsomolskiy,40.4272,71.7189,15.400000000000034,55,99,4.12,UZ,1680390890
452,taltal,-25.4,-70.4833,20.80000000000001,86,43,1.63,CL,1680390971
453,shimoda,34.6667,138.95,12.840000000000032,80,97,7.68,JP,1680390902
454,valparaiso,-33.0393,-71.6273,18.890000000000043,59,0,1.03,CL,1680390733
455,kargil,34.5667,76.1,-5.2999999999999545,80,54,2.6,IN,1680390972
456,hamilton,39.1834,-84.5333,6.53000000000003,75,100,7.2,US,1680390727
457,newtonmore,57.066,-4.1192,4.82000000000005,88,100,1.54,GB,1680390972
458,atakpame,7.5333,1.1333,25.410000000000025,72,57,3.32,TG,1680390973
459,am timan,11.0297,20.2827,28.25,14,3,2.94,TD,1680390973
460,hemsedal,60.8629,8.5534,-9.359999999999957,72,14,2.32,NO,1680390973
461,galle,6.0367,80.217,24.910000000000025,87,66,1.66,LK,1680390862
462,beckley,37.7782,-81.1882,13.939999999999998,43,75,10.8,US,1680390973
463,olafsvik,64.8945,-23.7142,2.830000000000041,93,85,11.26,IS,1680390974
464,bara,10.3744,10.7288,25.840000000000032,15,32,3.57,NG,1680390974
465,baculin,7.4525,126.5842,26.220000000000027,83,99,2.48,PH,1680390974
466,jerantut,3.936,102.3626,22.350000000000023,98,85,0.21,MY,1680390974
467,berlevag,70.8578,29.0864,-3.0,80,100,13.89,NO,1680390921
468,ixtapa,20.7,-105.2,24.57000000000005,73,75,4.63,MX,1680390974
469,alyangula,-13.8483,136.4192,28.310000000000002,71,47,2.11,AU,1680390975
470,high level,58.5169,-117.136,-2.9399999999999977,93,100,2.06,CA,1680390888
471,falam,22.9167,93.6833,11.04000000000002,88,11,1.75,MM,1680390975
472,chegem,43.2833,43.1333,-8.92999999999995,56,81,3.72,RU,1680390976
473,radovitskiy,55.1282,39.7956,3.3100000000000023,98,100,3.34,RU,1680390976
474,hofn,64.2539,-15.2082,3.670000000000016,65,0,3.82,IS,1680390883
475,metkovic,43.0542,17.6483,10.260000000000048,89,77,1.54,HR,1680390977
476,tessalit,20.1986,1.0114,25.07000000000005,9,0,4.57,ML,1680390977
477,kamariotissa,40.4833,25.4667,14.420000000000016,83,92,4.25,GR,1680390977
478,port macquarie,-31.4333,152.9167,20.5,72,32,4.0,AU,1680390869
479,rorvik,64.8621,11.2373,-3.9399999999999977,80,28,1.03,NO,1680390977
480,tabou,4.423,-7.3528,26.28000000000003,88,17,2.39,CI,1680390978
481,college,64.8569,-147.8028,-1.339999999999975,50,75,5.14,US,1680390898
482,hitoyoshi,32.2167,130.75,14.720000000000027,72,100,1.11,JP,1680390978
483,pochutla,15.7432,-96.4661,30.460000000000036,53,59,3.48,MX,1680390978
484,leawood,38.9667,-94.6169,15.410000000000025,26,0,3.6,US,1680390979
485,umm lajj,25.0213,37.2685,20.79000000000002,47,0,4.73,SA,1680390904
486,zholymbet,51.7433,71.7122,-2.6200000000000045,55,0,3.2,KZ,1680390979
487,nhulunbuy,-12.2333,136.7667,28.340000000000032,83,80,1.03,AU,1680390979
488,severomuysk,56.1481,113.4267,-24.48999999999998,97,52,1.79,RU,1680390980
489,panambi,-28.2925,-53.5017,15.04000000000002,42,0,3.79,BR,1680390980
490,las cruces,32.3123,-106.7783,28.060000000000002,9,0,4.47,US,1680390980
491,wanning,18.8003,110.3967,25.160000000000025,85,65,3.38,CN,1680390981
492,mayor pablo lagerenza,-19.9309,-60.7718,28.840000000000032,53,68,2.09,PY,1680390981
493,nysa,50.4738,17.3344,10.870000000000005,94,99,0.37,PL,1680390981
494,amga,60.8953,131.9608,-16.359999999999957,85,100,3.7,RU,1680390981
495,kolaras,25.2333,77.6,21.55000000000001,44,1,1.12,IN,1680390982
496,elko,41.0002,-115.5012,12.010000000000048,53,100,8.58,US,1680390982
497,santiago de cao,-7.9589,-79.2392,28.07000000000005,78,75,4.63,PE,1680390982
498,rathdrum,47.8137,-116.892,8.590000000000032,47,0,7.72,US,1680390919
499,pingdu,36.7844,119.9464,10.180000000000007,31,0,2.43,CN,1680390837
500,saint-joseph,-21.3667,55.6167,23.590000000000032,83,28,4.45,RE,1680390983
501,shar,49.5886,81.0453,-8.70999999999998,66,0,4.37,KZ,1680390983
502,sioux lookout,50.1001,-91.917,0.2300000000000182,66,69,2.23,CA,1680390983
503,moerai,-22.4333,-151.3333,26.189999999999998,78,27,6.83,PF,1680390983
504,mujiayingzi,42.1167,118.7833,9.430000000000007,58,90,3.05,CN,1680390984
505,mahajanga,-15.7167,46.3167,26.010000000000048,94,40,0.0,MG,1680390984
506,freetown,8.484,-13.2299,25.610000000000014,87,23,2.82,SL,1680390984
507,kampot,10.6167,104.1833,24.03000000000003,78,99,0.4,KH,1680390984
508,zaltan,32.947,11.8665,17.920000000000016,72,32,4.54,LY,1680390984
509,broken hill,-31.95,141.4333,13.470000000000027,48,0,5.27,AU,1680390756
510,abu samrah,35.3029,37.1841,9.379999999999995,88,39,4.15,SY,1680390985
511,ziarat,30.3823,67.7282,7.430000000000007,71,1,1.82,PK,1680390985
512,vanimo,-2.6741,141.3028,27.680000000000007,76,45,1.08,PG,1680390911
513,luena,-11.7833,19.9167,16.160000000000025,98,100,0.92,AO,1680390985
514,mbini,1.574,9.6134,25.360000000000014,88,100,3.67,GQ,1680390986
515,vila,42.0304,-8.1588,4.28000000000003,80,5,2.03,PT,1680390986
516,ust-uda,54.1742,103.0304,-14.759999999999991,95,12,1.63,RU,1680390986
517,port-gentil,-0.7193,8.7815,25.980000000000018,94,20,0.51,GA,1680390986
518,denpasar,-8.65,115.2167,26.810000000000002,94,75,4.63,ID,1680390886
519,colac,-38.3333,143.5833,12.689999999999998,62,74,0.98,AU,1680390986
520,riyadh,24.6877,46.7219,14.080000000000041,24,30,3.41,SA,1680390920
521,olot,42.181,2.4901,7.3700000000000045,91,47,1.34,ES,1680390987
522,tukrah,32.5341,20.5791,17.890000000000043,31,16,5.14,LY,1680390987
523,madruga,22.9114,-81.8561,26.52000000000004,61,6,2.84,CU,1680390987
524,salinas,36.6777,-121.6555,19.760000000000048,56,0,6.69,US,1680390752
525,verkh-usugli,52.7,115.1667,-6.819999999999993,45,100,4.14,RU,1680390988
526,san carlos de bariloche,-41.1456,-71.3082,12.860000000000014,62,40,6.17,AR,1680390988
527,polignano a mare,40.9959,17.2159,15.379999999999995,63,100,2.09,IT,1680390988
528,santa cruz de la palma,28.6835,-17.7642,19.08000000000004,82,0,5.14,ES,1680390988
529,jasidih,24.5167,86.65,21.03000000000003,66,9,1.18,IN,1680390989
530,tocopilla,-22.092,-70.1979,22.25,80,28,1.35,CL,1680390989
531,dubbo,-32.25,148.6167,15.07000000000005,72,4,4.12,AU,1680390989
532,belem de sao francisco,-8.7539,-38.9658,26.74000000000001,46,100,0.94,BR,1680390989
533,lata,40.1629,-8.3327,13.29000000000002,98,93,1.67,PT,1680390886
534,komatipoort,-25.4332,31.9548,22.25,97,2,1.02,ZA,1680390990
535,saint anthony,45.0205,-93.218,2.8799999999999955,61,0,3.09,US,1680390831
536,jalu,29.0331,21.5482,19.400000000000034,19,0,4.25,LY,1680390852
537,sakakah,29.9697,40.2064,12.689999999999998,35,0,1.57,SA,1680390990
538,paramonga,-10.6667,-77.8333,24.870000000000005,82,100,3.53,PE,1680390990
539,virginia beach,36.8529,-75.978,25.03000000000003,51,20,11.83,US,1680390779
540,turayf,31.6725,38.6637,10.140000000000043,50,0,3.09,SA,1680390893
541,manaus,-3.1019,-60.025,28.28000000000003,78,40,2.57,BR,1680390991
542,lapeer,43.0514,-83.3188,1.400000000000034,80,100,7.72,US,1680390730
543,pozhva,59.0912,56.0847,-0.42999999999995,96,100,2.8,RU,1680390991
544,alice springs,-23.7,133.8833,16.75,94,100,0.0,AU,1680390546
545,pitimbu,-7.4706,-34.8086,26.33000000000004,75,100,4.48,BR,1680390992
546,rocha,-34.4833,-54.3333,13.560000000000002,79,11,1.41,UY,1680390866
547,tual,-5.6667,132.75,27.610000000000014,75,100,2.39,ID,1680390840
548,visby,57.6409,18.296,0.12000000000000455,86,8,6.69,SE,1680390994
549,zima,53.9202,102.0442,-14.579999999999984,98,76,1.36,RU,1680390930
